33.63481029362171 , 5.508658147396318 , 1.332783356060375 , 0
35.154580955086516 , -8.032940586359857 , 41.2742193610143 , 0
-84.24384407284563 , 90.48641400205813 , 27.500843798112783 , 0
41.834668352990406 , -71.97851328984657 , 31.56063147860064 , 0
-111.8615956902756 , -57.35341298658763 , -34.8835850644318 , 0
113.37470471451098 , -70.22181345791995 , 10.99376952938448 , 0
105.80180991663889 , -38.455044203913985 , -109.8873090282787 , 0
-80.46834926233635 , 70.79233483523768 , -86.52672115279928 , 0
-88.46711387400026 , -61.06102787212572 , -34.12156040130611 , 0
-82.40805016008788 , -111.814201005935 , 112.13672544054972 , 0
78.00990459162583 , -108.4967496677338 , -105.77604510379943 , 0
58.71964515607388 , -34.02176901524672 , 109.43181831668178 , 0
8.035510109195684 , 14.138832415462332 , 59.356804370664435 , 0
22.61926707636684 , 50.13947716574606 , 83.13007097666019 , 0
-14.223827495703745 , -73.52095728794966 , -31.739803670623104 , 0
69.20134772326062 , 82.6662228815953 , -97.08034041033429 , 0
-3.802326223073237 , -25.147118678651708 , -64.4279504756534 , 0
2.802545950093716 , 31.516197565845147 , -34.586222277628906 , 0
2.471124542492788 , 15.117959963305282 , -60.175045652682755 , 0
35.4238773986707 , 71.1891966926344 , -48.819907718536044 , 0
42.75100430041084 , 81.74929885792051 , -107.89725954433449 , 0
6.204126169992193 , 68.11211309147836 , 5.601060903263772 , 0
55.78356161023916 , 8.51293852696594 , 38.663883483326686 , 0
86.79967369045292 , -10.941043366804152 , -9.871501580549221 , 0
58.581814858683146 , -52.47220988385145 , -119.30204203821407 , 0
-34.923831469787245 , -78.04821864960283 , -72.59930335092719 , 0
-103.06426807421067 , -27.19629498018763 , 15.408042633797265 , 0
0.6454193558888051 , 0.09611866290909177 , 52.92345428196464 , 0
-67.2964842752537 , -104.16914397644022 , 57.14781930082475 , 0
-13.356221251789691 , 27.26738962020528 , 26.753748513216635 , 0
118.69591749939559 , 114.61223030050752 , -95.6665703399145 , 0
10.845321510130447 , 87.32051431372818 , 86.75916608787591 , 0
-35.89405672198684 , -70.63431119743453 , -89.15461632681243 , 0
-56.49302903038801 , 34.574643698473665 , 102.26634701043005 , 0
-0.2361754622956198 , 59.59945469810202 , 84.98489783101996 , 0
-57.489600722409484 , -98.4973476857717 , -72.97243438871755 , 0
36.73408528827264 , 47.95782230098115 , 74.3475645356205 , 0
71.8772120102719 , -89.51964036103558 , 118.59397340108245 , 0
56.68453225067219 , 94.18072802029076 , 93.68294910654876 , 0
88.34851967815516 , 34.973766841488185 , -111.44481709162882 , 0
-81.42255360041261 , -37.58213657692015 , 34.95626403437217 , 0
-71.44287075068598 , 103.5896368106309 , -113.73791769246338 , 0
-107.63705790133241 , -77.14846040201513 , -30.562501877156848 , 0
-25.864495577212608 , -8.30055277973014 , -22.500039271244233 , 0
-70.33222119126475 , 56.56323756795268 , 71.83515796524935 , 0
90.7473088441449 , -96.57113206587974 , -95.36955761732538 , 0
-35.38686970624754 , -19.517965867510952 , -86.70811785090292 , 0
-23.948149042615057 , 113.98062161288553 , -22.29567194169161 , 0
25.83818735291925 , -83.14814242642392 , 66.8728227496174 , 0
8.905814451624849 , 39.90839964112547 , -79.26687659229901 , 0
66.16156206627855 , 6.046368715900115 , -54.712028983472365 , 0
-0.5716339975291476 , 81.5431201022225 , 72.86725219830902 , 0
-25.441704938805117 , -84.80262064126705 , 26.287064377559716 , 0
-41.14898275191754 , -95.97126937595752 , -8.452954977695242 , 0
32.185116786425425 , -75.95144723603929 , -112.08899951646137 , 0
63.54632488353204 , 24.182976813270784 , 101.90636018005756 , 0
35.95532549944261 , 101.7942128271851 , -94.92487447456085 , 0
-56.342422302722085 , -24.68849243167618 , -33.93672839479551 , 0
-87.37291546795232 , 112.18590579335887 , -10.540645592188355 , 0
-119.67437322468689 , -6.337075387396112 , 64.9410657531831 , 0
14.06315925418204 , 27.18042582675139 , -63.4154731963056 , 0
47.82092190538009 , 56.45484538592768 , -71.31034697909479 , 0
68.69528432487047 , -10.719255184104497 , -57.064106603079274 , 0
-29.750686158203067 , 39.07709723491965 , 72.33659987572173 , 0
-3.9646987222844956 , -95.64009594363644 , -33.950559053062534 , 0
-94.27030022772561 , -25.0203263472482 , 91.90879137037373 , 0
-80.55081500734755 , -38.313872674235384 , -27.760904461505703 , 0
-23.989821111375406 , 54.92394711287568 , 57.01037287396815 , 0
-36.846872458341466 , -91.74760016049677 , -106.05387262655304 , 0
68.0180248137047 , 1.7906670398344033 , -95.06320862254286 , 0
-13.784235208108143 , 88.10901259126592 , -56.0913882848568 , 0
25.035845332100195 , 117.08887607146286 , 36.028997171671506 , 0
43.13030725056353 , 56.68607141953339 , -64.37820086420818 , 0
33.38321128743681 , -101.4002939221062 , 40.46628908209985 , 0
83.421856036506 , 62.39208308840833 , 79.00428239022301 , 0
-79.50899363750688 , -57.43179241142734 , -48.85345586162339 , 0
65.74341836432973 , -41.31631431373107 , 119.48433078966525 , 0
-12.43030150866521 , -27.5362968671393 , 39.39117611140901 , 0
-53.76504212975294 , -101.19767237477109 , 48.242703961491344 , 0
78.04489887859688 , -111.07608955901591 , 23.897854443460886 , 0
15.54072954419047 , -60.79412950573132 , -35.543898836942475 , 0
-22.254097691150463 , 83.89386921195836 , -85.05224669578587 , 0
104.38715680605978 , -64.47274589741177 , 47.93757469137566 , 0
28.021097767377967 , 86.86219975193129 , 4.047756741154359 , 0
15.994528744959439 , 2.235662110306734 , -114.46116864682578 , 0
0.24486216577146536 , 116.0202626929291 , -83.09780393902957 , 0
-80.59188972620979 , 74.64864537744981 , -18.41679288044071 , 0
-92.93381045119797 , 109.66856107575 , 9.60533518212614 , 0
63.50938380496672 , -4.173857037925075 , -6.156273765643348 , 0
57.4109096787092 , -104.13211353472465 , -20.371995335602776 , 0
-26.153197988207012 , 45.06538969272589 , -94.02545492559571 , 0
57.25017736781368 , -112.67327691561565 , 48.11929360284495 , 0
-64.77532618697181 , 53.72318261916516 , -24.086363219798713 , 0
-66.87239394340807 , 117.1144518274221 , -46.464951074554946 , 0
-75.85408534344644 , 62.7043800175538 , 39.35146723732666 , 0
22.470223519001934 , 31.94929729673416 , -114.58618674653778 , 0
74.66099027969295 , -84.37314058033637 , -7.8175895313119526 , 0
-99.39912961399085 , -96.50223496813291 , 116.33974901482568 , 0
-19.28087340466007 , -88.07530431333505 , -47.2388895023755 , 0
-45.94889008110117 , 10.469694270830502 , -31.011684327916697 , 0
109.69455714922685 , 0.9887618066582888 , -67.58898267145489 , 0
15.891221524208675 , 108.76753679492506 , 63.25630731146171 , 0
74.73257968902575 , 96.39699152481236 , 33.22625789175538 , 0
86.99337741451427 , -81.25437391838094 , 3.6646573974568355 , 0
104.49988776348727 , -78.10428208056925 , -93.17449570019167 , 0
104.1750751212015 , 52.52215576181115 , 75.61797890963445 , 0
-92.17593684953309 , 90.12890880887713 , 11.047030225356337 , 0
17.347953662526635 , -116.52958493540802 , -41.64254202512909 , 0
-83.49207390700724 , 27.302060987265406 , -88.31669458015836 , 0
-25.965376564353463 , -38.71408768052672 , -9.240797874286642 , 0
15.553582542271556 , -38.34008811228658 , 119.89445124685867 , 0
-83.79365313163574 , 112.74040281350764 , -1.526628758094347 , 0
-73.43252097048975 , -77.34765414296811 , 84.66734831007923 , 0
-76.07498100006798 , -110.19922742799533 , 32.73343354088635 , 0
64.24828649141202 , 44.375143084131395 , 50.94038239331323 , 0
39.49081060011201 , -21.95830356460182 , -111.04354503616963 , 0
-62.06085776934258 , -64.0649048073105 , 70.03835540703002 , 0
19.05435176545606 , -80.48685167233764 , 38.631614919041255 , 0
-114.24258050092233 , -109.1484287368327 , -55.47269093483135 , 0
-117.90861842929371 , 33.6458796954349 , 32.52012595933053 , 0
104.78609016084954 , -52.96239457081401 , 94.1526773250516 , 0
9.709637234362077 , 117.14704159059596 , -36.02673927647922 , 0
-69.39861735801051 , 102.0879635230612 , -31.579175664454937 , 0
10.241236283656036 , -101.87404668032713 , -99.67862124193236 , 0
10.11578651049075 , -95.50222248517062 , -24.489680821326388 , 0
54.33153270609705 , -77.00864679614021 , -41.54677310700119 , 0
33.94359416916845 , 16.623793526175575 , 32.86938178127289 , 0
-89.62079728608443 , 61.23012312911007 , -22.8818970888764 , 0
80.68843426817432 , -88.33964735341955 , -42.738893307503346 , 0
48.643919935963424 , -33.071484503457356 , 50.77039010818498 , 0
-116.07269182476418 , -31.510022105872096 , -41.712669431191955 , 0
-66.01982894160165 , -63.346255507061656 , -11.31316528978033 , 0
-77.3645583456613 , -66.97589548489108 , 34.905292396225065 , 0
10.760351663191784 , 106.93786970363527 , -6.795382683313292 , 0
-47.999056915674856 , 22.227873941385866 , 44.49900175727723 , 0
12.010092527147776 , -90.16768337444512 , 29.617015442313203 , 0
58.36679999005625 , 77.2886351340228 , -18.705656607171775 , 0
-75.24521252549076 , -118.25907100885213 , -110.07489223339499 , 0
-5.35301253208516 , -71.77572750245719 , 7.118515389426079 , 0
62.769355953718446 , 110.33260238875002 , 75.2815361454748 , 0
77.81838882609429 , -28.14571989268589 , -92.12934730787511 , 0
74.6671352207841 , -108.85878224342386 , 75.36304992065789 , 0
-89.04606320331976 , 82.69230315663017 , -9.569438900408173 , 0
-7.669498354473546 , 32.504745573394445 , -9.194936321969436 , 0
-30.88706528178473 , -109.28097285154021 , 59.49725119055029 , 0
95.987206951894 , 12.253343892456002 , -33.728185803426925 , 0
-87.23971502302348 , 37.07639374711084 , 67.63579687953208 , 0
85.51337133887293 , 69.95208467926031 , 108.95376864716147 , 0
-39.94969890507973 , 83.72560782896153 , 56.10370676102542 , 0
111.39464065024387 , 93.15124682229316 , -47.922241619190245 , 0
90.69791432955884 , -73.14430625233624 , 36.173591547770656 , 0
43.16343556316505 , -110.27329768871209 , 117.54486699296007 , 0
-106.28888930406478 , -61.65712079355274 , 29.206855468805088 , 0
-66.6075333411454 , -2.2888352691159355 , -9.57767919782107 , 0
-9.885928334937944 , 54.03808883957555 , -74.0931677380146 , 0
-78.9726944543284 , 92.57847625662961 , 80.37440175523983 , 0
78.6823616481463 , -101.20312350686903 , 41.11254168253228 , 0
36.440680373292565 , -79.43760283641228 , -65.28127998669873 , 0
1.2285172165217944 , 31.87663548789618 , 30.96255576174437 , 0
-66.69139676899209 , 22.713669987240337 , 102.81073690582497 , 0
-108.76435933157028 , -67.80456078944309 , -47.62527404476815 , 0
40.00871931089938 , -32.03542095969074 , -30.491192689503492 , 0
104.91557573611112 , 68.19243828252195 , 0.14724087672928476 , 0
-105.44061392482594 , 68.24352173697017 , -38.38200572400575 , 0
31.560257437802164 , -98.06595188453912 , 36.85386894318839 , 0
4.780761048318979 , 105.60166709392294 , 119.4727301084688 , 0
116.30037209356578 , -67.00954984941382 , 55.57662453972975 , 0
105.11111253977828 , -10.737864137857372 , 111.48840525565876 , 0
-3.985907874831412 , -23.58144524745626 , 114.02071477815898 , 0
64.40492330407147 , 8.68490798463722 , 38.02803667828317 , 0
-114.61355974017681 , -102.20183871798697 , 18.502341674716263 , 0
-67.62645438137014 , 102.2259171150763 , 34.38589241873555 , 0
118.95801635735319 , -108.28367670397846 , -20.13794986084433 , 0
76.03728537299412 , -107.88314066865794 , -55.37779207774487 , 0
2.995999243209994 , 28.553126629194963 , -72.32865068281211 , 0
-19.231904078409656 , -51.22658066976906 , 4.532141661744774 , 0
-76.84618610671706 , -59.934363242826905 , 36.719117564171825 , 0
8.95196663737417 , 75.94779365744157 , -114.59770447397246 , 0
49.643117447025276 , -2.2621619487619853 , 109.26877855555296 , 0
-113.31798251085624 , -13.389350379757957 , 116.55843494624293 , 0
-9.000429845974082 , 98.05041988617282 , 81.8778424714043 , 0
-55.56957100953292 , -110.24326444252739 , 100.91895494472877 , 0
21.767942519595977 , -76.06043714570262 , 55.89466764936611 , 0
-25.59116860850729 , 67.65918745685713 , -6.002574746408541 , 0
101.88532452855162 , -8.269241142981187 , -90.33804919399158 , 0
118.75244984038522 , -73.18229416664265 , 109.47142854808516 , 0
56.49668658750949 , 42.93242976437469 , 17.0215922569341 , 0
-50.244212274671895 , -19.249628418050307 , -80.2056160324799 , 0
81.7594950506271 , 112.60551399336592 , -24.01463809347723 , 0
7.667691890892499 , 105.0779134280742 , 54.4002282372727 , 0
-113.47789357009019 , -26.816687933486392 , -25.881086415506417 , 0
51.90316303466821 , 93.82116620090343 , -50.485165914831114 , 0
85.64791297562093 , -24.253684350680047 , 39.64369567194768 , 0
11.25940443874336 , -76.70097084033233 , 74.99542054442242 , 0
-37.273452512018395 , -39.51180901459831 , -0.044619992236476946 , 0
-89.64903640530252 , 114.91285886417785 , 84.81391184432042 , 0
-0.10417382841569633 , -51.13529210590018 , -30.02354419042831 , 0
-4.265087511341676 , 72.00314332822973 , -101.24551725178495 , 0
-112.81254712230412 , 72.35960855710567 , -43.20462154706223 , 0
-35.5106498073572 , 114.32075263174752 , -15.003429050685753 , 0
46.104251006742686 , 30.85826139700606 , -80.15707250818937 , 0
-106.7535684301522 , 51.30900843601074 , -26.465382797121038 , 0
109.40117048821728 , -38.63713040898426 , -18.03212934797716 , 0
62.29945811586245 , -24.93828046267936 , -58.118395815107924 , 0
60.49686575249879 , 45.31081297738504 , 16.855990623020176 , 0
31.065613540104692 , 57.322593154743316 , 1.0476843536501548 , 0
82.8283168069076 , 91.10280103536175 , -38.18218329477007 , 0
34.06954636306321 , -119.38607158692514 , 52.51931281326273 , 0
90.53087429007996 , 87.20058802991753 , 37.238703117997034 , 0
21.80857774806333 , 117.06920525848852 , 18.187904962674907 , 0
92.5967342899547 , -33.41884958061131 , 116.10862246973517 , 0
-17.225801038149143 , 86.86222888923379 , 104.55437407821586 , 0
-87.22979680002443 , -36.170289944281436 , -52.986518377034486 , 0
30.733057227880295 , -38.756390846741525 , -0.5140428581279934 , 0
-84.15743686494883 , -45.911199195887974 , 35.90285579119026 , 0
47.52674382911954 , -30.80291575584505 , -106.93682037177948 , 0
-59.059428110846206 , 118.46561001753406 , 31.55113938959076 , 0
20.822731840981362 , 97.00758997711975 , 8.541734838535831 , 0
98.2720285142774 , -66.47646458614815 , -116.69794277493784 , 0
-32.23787746611234 , -90.8286615347356 , 84.19897072205166 , 0
-114.15471287949212 , -69.1780368071395 , 26.12294134374463 , 0
-80.23860826012451 , -14.080843816401284 , -105.28982977343384 , 0
119.18040702305487 , 95.49025539648767 , 74.01832434131117 , 0
-119.49847781466103 , -77.67071304706754 , -51.662309900527475 , 0
36.38275301373943 , -83.8373438502942 , -60.996819329106664 , 0
-61.098928211183356 , 116.86171252254346 , 46.93784849820784 , 0
-7.878170722487184 , 114.6993066805737 , 92.96589052972274 , 0
-106.13786645280675 , -59.00286862562089 , -74.1406523114039 , 0
-14.618631699540273 , 98.91028577761972 , -109.36981845608427 , 0
-24.313099754310187 , 71.35643924884835 , 104.04047742410972 , 0
16.622273107151955 , -58.09548962876558 , 21.78426644372206 , 0
-27.468006281201653 , -41.669567879516606 , 67.44834484033674 , 0
4.350995169341559 , 34.27659199536566 , -65.12655649463338 , 0
112.20662120163766 , -52.10661115309125 , -79.50175807784585 , 0
98.37799912298547 , -51.361090206682235 , 108.99246311189694 , 0
-50.17841968664901 , 118.91246750340923 , 119.07645077518407 , 0
76.53901596750057 , 97.64674034999311 , 1.5727804618188372 , 0
69.6761607327945 , -30.039425487616725 , -45.39483331252845 , 0
5.3895864436073 , -101.32795330054981 , 4.1906636721325015 , 0
13.755071238785263 , -76.45667316041047 , 8.55095815695347 , 0
66.5125629852883 , 46.60384608466737 , 109.65296140424712 , 0
-27.107908832336733 , -55.82506158500978 , -56.90086216697527 , 0
10.646231343558554 , -52.377101131324025 , 19.893168710263268 , 0
-59.61461203794609 , -77.64567967348043 , 72.46702161338519 , 0
115.39920764791924 , -64.72032494549234 , 118.06117042586382 , 0
-82.2832836421989 , 56.97315062324034 , 25.52609991344474 , 0
-64.1327532741486 , 3.6372824698305948 , 49.093708390673044 , 0
-30.63892477999501 , 106.09380084485318 , -6.931236095872137 , 0
77.13992202775813 , -2.744226839243936 , -31.88949229247264 , 0
70.62158612401251 , 81.70587953364523 , -91.61573811170797 , 0
-16.610958592052526 , 13.484142359962533 , 23.95862229601886 , 0
-53.02390210264021 , 31.077323839572415 , -7.924332618902113 , 0
102.65063122440532 , -95.41778000660791 , 119.82470232660592 , 0
10.161990203843033 , -34.49418326209124 , 14.584015226049104 , 0
54.74534293512616 , 89.10848324645923 , -71.85600981865144 , 0
-39.81437282789061 , 76.96681918387478 , -96.82535173921644 , 0
-81.54547544924763 , 73.29972087788516 , -61.358891851542346 , 0
34.25310632286977 , 69.8281509929225 , -26.868786187859584 , 0
24.82862873386358 , -86.57140485409451 , 96.95298029824903 , 0
-85.80897801487086 , 32.722498973711254 , -38.54869750448222 , 0
-40.66779795032234 , 60.0944162388833 , 45.804354154136576 , 0
57.47829990965781 , 53.443196110406774 , -74.97420410974544 , 0
109.61499456419568 , 44.72300194266043 , 20.219648994622816 , 0
-16.903432782169546 , -114.63223274841602 , -26.939622266823278 , 0
64.79623988188285 , 4.351527160259678 , -81.20422525996469 , 0
-32.00898011546886 , 13.521067931532372 , 38.98877253143394 , 0
-62.925649232101335 , -10.361704529715908 , -34.07576715507827 , 0
-102.99265986815948 , 118.62857155557845 , 60.043179571547824 , 0
-0.7307815098237 , -79.62268280497807 , 88.35779417578735 , 0
3.986339282724046 , 42.312136028704316 , -56.42730667403738 , 0
67.4294869836076 , 71.01042609804571 , 109.12985709077032 , 0
29.353441181559987 , -59.47679328627564 , 0.35330744149582927 , 0
51.709751094488325 , -29.160283176427384 , 46.76555712611176 , 0
-82.71717478403656 , 58.296289657835075 , 115.80247437450717 , 0
-39.62335616268119 , 67.65704982747164 , -14.115936926583174 , 0
-114.26814641363725 , 0.679436227423011 , 113.66021401012907 , 0
-106.88024457166829 , 64.70642956902284 , -35.02450906725481 , 0
-52.250585567221876 , -60.614730447993665 , 70.38185948021675 , 0
34.240418577044125 , -45.56195107208586 , -31.487552129231474 , 0
74.91597132785503 , -41.066540996668124 , 32.19166116343496 , 0
-3.321969549194563 , 4.937736813284857 , -59.21845371104947 , 0
-117.9182752069382 , -55.543706013377204 , 90.51010937735492 , 0
31.679679420983092 , -113.14477840587648 , -74.83129714846243 , 0
112.81404995678025 , 68.37394583985048 , -38.356712323402405 , 0
77.56580303981707 , -45.58770777114074 , -42.79907736171684 , 0
-86.4133588488281 , 87.57751761570054 , 29.964023094887608 , 0
-75.59705646568999 , 30.568145532045918 , 10.008081886348691 , 0
-51.897790650645646 , 83.80722600564624 , 66.7873194054763 , 0
-43.53654818565842 , 16.847778333618834 , -14.085013886938214 , 0
-67.83651815055813 , 89.20835652957265 , -49.84109214017003 , 0
-55.42039826035594 , 68.23441403522213 , 85.58473941519335 , 0
-40.0108569298032 , -25.44956533009237 , 31.925532066069508 , 0
59.25979349602275 , -78.42056058452263 , 4.635445303330471 , 0
-98.66124070851498 , 33.742861219318314 , -92.56298509548124 , 0
14.970807572288578 , -29.454314978654438 , -83.26413745780145 , 0
116.61762774290972 , -61.94126884785939 , -103.64045498763937 , 0
-46.55976175265347 , 98.80984419194215 , -54.21464162773802 , 0
-56.03370925782313 , -78.95684945355525 , 95.97799828342511 , 0
45.39760470478788 , 113.61737488820182 , 82.49313294996338 , 0
74.45340704957044 , -80.76125089424156 , 110.13334379103685 , 0
-72.04170156976906 , -18.66250336660393 , -71.60651357117678 , 0
11.562396411352807 , -28.871159118758413 , -57.06164066998984 , 0
-26.462508349585022 , 10.710165541906889 , -6.0554897988812115 , 0
-61.57164918784757 , -46.654509940108696 , 18.653136559555804 , 0
-104.16643102474072 , -102.70594293956981 , 26.748984327275082 , 0
-4.456122321748907 , 70.92170433402714 , -30.485081499204114 , 0
19.802999722770267 , -101.84383263298005 , -94.09747668304638 , 0
-56.196522277864815 , -35.11966678808135 , -22.49426890622408 , 0
-1.6899681641938145 , -34.14668865044899 , 115.75165523932085 , 0
-39.20552612809048 , 61.90368748904888 , 26.286349449890196 , 0
32.45592052362562 , -72.4642154717871 , 113.49673007352484 , 0
33.107300488995435 , -4.0821840305466 , -118.83550880201363 , 0
68.6244935062777 , 107.23161828908727 , 5.838616728011445 , 0
53.37170566344517 , -5.904037594074623 , 35.35591573351036 , 0
-25.838943179467876 , -47.76208628659232 , 76.72596753543598 , 0
-7.039036809314155 , 32.95577925538146 , -37.43903914093961 , 0
-90.81819682503014 , 107.39203712119726 , 89.13938594811464 , 0
110.5836230687051 , -82.52870006917662 , -88.08337010647533 , 0
109.0843673075687 , -8.627746592702309 , -92.69058084061554 , 0
-64.94502558423201 , 68.63353578704644 , 109.9928564525853 , 0
-70.10869706102062 , -98.22037346097883 , -70.19822649277032 , 0
59.322179641007665 , 79.41879246551491 , 83.16568138695607 , 0
44.551124168422405 , 82.95081615265707 , -97.62187135499416 , 0
-95.94748634711749 , -27.63796925763677 , 48.57453890999926 , 0
-27.195247009217198 , -12.066528026295885 , 42.173564493909 , 0
79.6391024009923 , -40.61509024816459 , -115.48635568136365 , 0
49.63026128045345 , -55.199423661377864 , 51.16194522356611 , 0
26.521174673108703 , -96.03798584516386 , -15.092824566581783 , 0
7.612797444587926 , -1.6070591888451133 , -113.40067122035704 , 0
66.65359308408614 , 103.38221401797773 , -86.9122248060568 , 0
-61.21911279731623 , -94.09376506677144 , -98.84986556350529 , 0
92.09276458477797 , -39.336992644856565 , -38.948818258836894 , 0
-62.66344411763586 , 74.39906435503138 , 31.371370591816003 , 0
46.35803573897948 , 118.96308438513654 , 85.66463427610432 , 0
-55.166278904192026 , -68.37619513370662 , 16.452526819438248 , 0
8.553285116299378 , 28.71157067315471 , 64.29588713070717 , 0
114.46864036454465 , -17.872739142131763 , 55.28021637684253 , 0
-43.87304435527439 , 21.158906650247843 , -70.88802670101856 , 0
-88.3417016313296 , 22.6716885129907 , -0.9128374238392354 , 0
44.26631444716955 , -59.53572081496981 , -61.31268961435329 , 0
114.29932245096657 , -64.94835967768879 , 68.51183975389813 , 0
-44.9640052263489 , 16.495379125389803 , -76.15957901110781 , 0
-94.2803379248796 , 31.546292345415708 , -51.45952176886121 , 0
-64.3152396443922 , 53.3994580711684 , -80.45298469997795 , 0
-58.087145896528526 , -11.854366180591626 , -63.9343144889742 , 0
43.17104211679535 , 69.56682664352479 , 107.30408058311161 , 0
-81.08579934585364 , -79.25108368749933 , -62.44500473518726 , 0
96.98983095022425 , 88.82191991400038 , -57.28590472818891 , 0
61.11924023995846 , -93.05035376644622 , -41.353743462462106 , 0
75.33999097524736 , -47.338376672906094 , -110.8603314664421 , 0
95.49451107770105 , -107.71990938997318 , 87.74760107081153 , 0
-34.82108601046322 , 20.340413795036284 , -13.356889531815426 , 0
27.731105528065626 , -52.70231927008298 , -16.310447011416386 , 0
-39.098294955632824 , 76.41652077579892 , 12.10179142622863 , 0
41.90332960904385 , 35.485739088708385 , 24.408436795761503 , 0
66.05840824756922 , -61.99412324588076 , 78.4177663011443 , 0
44.51249710484808 , -17.461229471089624 , 25.284570625413266 , 0
105.22824090502411 , -37.6808140408163 , 92.79344507054915 , 0
-25.00759635486483 , 52.255694961859376 , -6.630670226916791 , 0
-38.67793107196425 , -93.1835206920471 , 26.28538011249796 , 0
-38.142278995751184 , 114.19326389974941 , 0.7065072029110979 , 0
-30.378998010364185 , 2.2211537902118437 , 76.51822626297493 , 0
30.281572121351957 , 47.86177056207521 , -28.94113782935443 , 0
-112.93627086593902 , 32.189395699416366 , 31.92903350718524 , 0
28.062682477428723 , -25.898182787455127 , -78.62743084204882 , 0
-85.97299348676063 , 10.58086639128723 , -80.44895731803321 , 0
111.24250845983167 , -84.58336557962696 , -58.8091916726841 , 0
71.5087358465072 , 9.274327877793866 , -105.02587015506502 , 0
28.480118927648988 , -90.67039948620362 , -35.61067313384302 , 0
-66.0728414503798 , 114.19902861170877 , 61.633837390835765 , 0
47.91469670205302 , -69.67343251378094 , 79.05517285017504 , 0
-76.27640069430407 , -68.49529432573559 , -39.38567170502668 , 0
71.49617326745371 , 50.606906878618275 , 86.95648962065624 , 0
64.50514505090936 , 35.00413702080385 , -34.184549273102405 , 0
88.87100626028942 , -64.58866694995535 , 90.02353577274562 , 0
-72.42587198690842 , -82.92248555504364 , 9.965955555226316 , 0
50.74084530803481 , 26.948656175334065 , -71.21590360807488 , 0
-39.85911855383722 , -1.001398346255769 , -59.36360990357406 , 0
90.34725148781888 , -71.64550860422013 , -50.027106362284286 , 0
-23.127549523049126 , 76.60286994888864 , 105.90994620027541 , 0
106.47970855388098 , -60.971252478071 , 103.55208699971047 , 0
17.91856820868543 , 60.407160542755264 , 6.772176222975247 , 0
-98.14109685565738 , 38.62219565725121 , 92.20542205829955 , 0
98.47305105036216 , 13.476995303005339 , 65.73514209315914 , 0
-96.3509567316571 , -95.50070614355444 , 97.28741894056708 , 0
-95.43414665790364 , 102.56428336890883 , 24.810145880894083 , 0
88.67018269196535 , 58.41540800971157 , 116.97032945649195 , 0
18.0791363534305 , -45.04488148195796 , -4.883850575657874 , 0
-15.112255395187788 , -25.21031160104394 , 75.2286946925195 , 0
105.26627756566174 , 37.812670857537654 , -14.065666471574445 , 0
-1.0747438867279584 , 45.6203147958374 , -110.34337078587482 , 0
-10.296123324385007 , 1.9701192080462704 , -89.17206222501595 , 0
56.49103420799139 , -111.26226178368972 , -85.77916295403477 , 0
-116.67982123300077 , -0.19910961324870868 , 99.9054002435571 , 0
100.23991449319465 , -68.3610842626615 , -71.10423267410928 , 0
80.3581526167099 , -53.18157874407569 , -113.55542979475271 , 0
-92.74428318668481 , 20.870679694893482 , -114.78096967045241 , 0
36.34411470780705 , 77.68235848125622 , 96.65621969289131 , 0
-82.88090979315763 , -20.448080335077805 , -117.28641244563642 , 0
85.81904710523006 , -3.244856765484286 , 71.53444555412491 , 0
29.33314077035189 , 112.32834916550476 , -116.53539326502076 , 0
-74.33104495994799 , 56.87908990209317 , -114.28221785271603 , 0
-73.6079623969899 , -11.688459125043636 , -79.97464230603158 , 0
-53.75663060973906 , -49.55547898747392 , -1.746613170483542 , 0
70.45223703313081 , 116.57177395475557 , 52.29783454595287 , 0
22.131165955149896 , 117.06984599142802 , 81.94089786100545 , 0
-36.38852698125527 , 89.86486879511091 , 87.47492540005538 , 0
-40.12867754873626 , -105.12833177360137 , 47.943260849600534 , 0
-77.552265161545 , -75.7062464805684 , -54.27070867032481 , 0
100.53829347143918 , -80.52215629167415 , 109.40629156973267 , 0
109.6719849752183 , -50.240313124790234 , 71.42749436583145 , 0
-62.25121541237587 , -69.52296586537081 , 115.52382722607726 , 0
-43.90248462256581 , 119.15602748247187 , -79.15093277157567 , 0
95.0491022463533 , 9.010558124355043 , 86.43703462926064 , 0
-108.89171461782763 , -9.079081818826495 , -61.50941138139417 , 0
-71.30072798933438 , -45.56812332612067 , -100.5146679335656 , 0
65.05306935064357 , -59.0936181478767 , 64.97574234389396 , 0
113.04276965084915 , -51.412748771551335 , -91.41941096347347 , 0
95.74549977328144 , -108.2378286184289 , 104.48947666127009 , 0
-21.565357404809163 , -52.848165995168 , 42.450945922666904 , 0
63.694449744974804 , 91.49703079047802 , 118.92744921120064 , 0
4.843157605249587 , 22.039891060633607 , -38.163095812511315 , 0
98.17777831423447 , 103.10410816915129 , -29.2501883317305 , 0
91.65603435517181 , 11.44888633385628 , 111.17641074932149 , 0
16.826044937060885 , 51.53867667970556 , -55.8058200455348 , 0
-11.31571447731281 , 65.51735731228513 , 3.292932849332942 , 0
35.50470090456582 , 116.42683820596244 , -101.10261483022416 , 0
-92.09062444586536 , 57.176162070211916 , -7.828315567658024 , 0
-67.65205262539448 , 33.64384902920264 , -88.26903523259475 , 0
64.09297459427816 , 58.18159506824907 , 50.245849915938805 , 0
-95.18890405065744 , -57.810467436598536 , -9.641310248974463 , 0
-99.53962604878967 , 30.59021758375519 , -90.55299294811095 , 0
-107.3416393981781 , -99.43339418745612 , 57.72995917367447 , 0
-78.85440949487874 , -74.63107055098331 , -59.16791517431857 , 0
107.3590628480909 , -74.74905891029864 , -29.220465016293772 , 0
-93.44815349951877 , 73.59284568181474 , 1.8098015691951161 , 0
17.81633553769788 , 11.31903405802251 , -65.82219338990437 , 0
108.82151073772903 , 10.289180566636901 , 9.341379869109062 , 0
-52.94656560134237 , 53.03253667749232 , -13.174939093394116 , 0
110.34434923395364 , -49.12865418136654 , 80.48122004613057 , 0
-7.776590892538309 , -95.98389309814813 , 79.3356753795967 , 0
-51.638540730027955 , 91.85615207221775 , -99.29688288894326 , 0
-54.218688684641776 , -45.54603204262648 , -21.278037813036207 , 0
-108.52137661279076 , -108.23063413572834 , -14.885275433770445 , 0
92.49225779382706 , -88.996829277219 , -84.49424670815911 , 0
-74.22988505092944 , -8.94088466984229 , 48.96271090052423 , 0
-7.174990506320128 , 27.93764095236932 , 19.187790448047934 , 0
-118.21421657597134 , 109.31868372318391 , -49.774468505391866 , 0
-98.05457053453442 , -52.56352994664002 , 114.89527974506893 , 0
54.968029018542495 , 34.67255402663221 , 26.963891778358516 , 0
107.1450736511627 , 91.88846002348143 , -96.31075650944827 , 0
-45.766997718750645 , 62.6398584325097 , -23.057892432534587 , 0
106.25746336914975 , 79.91191941680893 , -29.286520410758044 , 0
31.553376459003033 , -10.743374886674033 , 111.83539388785977 , 0
86.64570195742039 , 115.06537170614558 , 100.79131834387783 , 0
32.26455071944946 , -17.36182903678177 , 19.908355841133556 , 0
50.36603729484338 , -25.37960259115752 , 99.53028335193792 , 0
-34.25774802399495 , 36.07978063084312 , -31.197748943775935 , 0
83.18360923112849 , 114.86554690490678 , -102.21056349885585 , 0
-53.514676558180795 , -119.70710475812149 , 101.98593180280253 , 0
91.52155868138877 , 23.3633225763364 , -106.90740442826541 , 0
-58.06125058836217 , 86.8232691510349 , -32.452720526121425 , 0
95.0277986396718 , -70.30076247910657 , 88.45552894678903 , 0
113.07257356454548 , 5.455691011071352 , -9.929061305819701 , 0
-3.7095429963876114 , -44.97476290355462 , -4.7816822942358215 , 0
19.708769859321364 , -81.60498290486802 , -31.9028604836881 , 0
30.21222801087191 , 0.5023404871730861 , -54.38548047416651 , 0
-60.95079488919176 , 108.30724945949135 , -17.304221003235085 , 0
74.1290237186368 , -56.893028998174266 , -45.45424462702577 , 0
-65.41238269394884 , 78.14336449588944 , -3.407184342518704 , 0
-52.43942404828496 , -78.98778538810723 , 86.19778834327835 , 0
-104.85432870441707 , 102.86896300454623 , 59.02921714065846 , 0
70.8893104393106 , 87.2577668003758 , 61.5437940522705 , 0
-9.635834834421132 , -87.14322365758362 , 59.983653247967425 , 0
68.32316549719738 , -116.89846764025098 , -65.69014294359837 , 0
-119.36520699003484 , 72.67559338393326 , -111.72883712903305 , 0
102.96886110072089 , -74.81698911630224 , 98.01974131004602 , 0
40.165212581290916 , -117.92832446725369 , -56.26294126782349 , 0
-112.95076647557258 , -36.41180919638036 , -76.43185337516701 , 0
71.49914997062274 , 101.13886405291231 , -56.698271193005766 , 0
-32.066746576120096 , 110.9228404689855 , 41.126095754926695 , 0
5.269657887812272 , -117.11495984855827 , 23.1185866111463 , 0
-10.055149666235948 , -34.46558335923412 , -21.512583627724226 , 0
17.15490814134347 , 48.258582292887894 , 25.243200910196038 , 0
63.761185086294944 , 81.18770868969571 , 58.814186739278085 , 0
96.41303240471092 , -73.26992377982079 , 65.43090698115967 , 0
104.78418556595122 , 72.51728793865914 , 97.72779176482982 , 0
84.54028081510856 , -105.41633099629172 , -100.20440050484302 , 0
101.24109240431613 , -115.18144744345219 , -58.80939442769558 , 0
-6.105773432698612 , -63.94636976451666 , 49.08709541091821 , 0
-34.0836057122288 , 67.2900925065853 , 11.097762491601173 , 0
118.4802624159274 , 105.72469098444387 , 108.10446955778502 , 0
-100.66528393827953 , 91.45585889758891 , 52.76334502016908 , 0
21.561221194391862 , -50.325802450581534 , -53.80298214886085 , 0
-98.75050760032653 , 82.83690940748005 , 26.118272617255883 , 0
-44.24705977289892 , 93.34243031278046 , -85.78272538915333 , 0
60.33405703741113 , -98.59953780363784 , 63.0344559263211 , 0
-51.612685440782656 , -95.76257788048395 , 40.647461543525594 , 0
-112.61216132415709 , -89.63844967152093 , -40.15552280219663 , 0
75.08041569062357 , -63.68653774291463 , -9.319374817516547 , 0
93.45264871492384 , -44.66773657549999 , -37.96147482093072 , 0
-11.627218650909768 , -114.37013419703311 , -20.240350685836916 , 0
-80.94844655101782 , -67.99180165397274 , 105.48761531319835 , 0
-115.68516404164293 , -47.48929507312215 , 55.014401906513285 , 0
-102.5871830870122 , 55.595228209856145 , 26.06573803503983 , 0
-18.75118416028218 , 61.88209944460607 , 5.828673935945503 , 0
65.08159096486196 , -88.15122822511594 , -6.864072624266427 , 0
-71.04218328140783 , -59.29205135258112 , 6.136908124274939 , 0
-110.79278789269954 , -3.10838698498371 , -38.7159178976857 , 0
78.3427652846386 , -83.8634444027457 , 53.68496353238535 , 0
40.14149101972944 , 116.68470730788042 , 17.199765869379206 , 0
107.1235157004966 , 12.527198885800516 , -107.61931491404084 , 0
-19.959823977422758 , 53.336944006992326 , -25.964495692932672 , 0
-60.831287439244065 , 113.16987735743231 , -86.11122462814663 , 0
-40.26339125686894 , 101.72853430484327 , 35.00485607710749 , 0
34.24349529655399 , -110.63419907891362 , 39.70427480195934 , 0
-13.553184402632127 , 112.17634056078299 , 106.50739162560822 , 0
-63.12710612134022 , -91.5144796941199 , -103.8799328932393 , 0
82.71706085528558 , 10.994995328639135 , -81.79041917320114 , 0
-27.171496230077977 , -25.456275543361798 , 109.14669454203155 , 0
42.28128297628464 , 18.713433847472118 , 79.02452922535414 , 0
-13.070081696294466 , 50.671637515791645 , -52.490076504192245 , 0
-40.350542160239314 , 27.22139760316651 , 27.94438269184826 , 0
-18.520260068199676 , -65.0073426606771 , -90.63730444911967 , 0
59.88563048816266 , -80.36751256981988 , -29.29057148863501 , 0
-7.921732399196557 , -66.4523000429459 , 72.31722473851832 , 0
-20.835138732574038 , -57.47813005969975 , 98.3816580907141 , 0
90.45024026987414 , 112.62727884193146 , -72.36780087331374 , 0
45.21640688337888 , 94.05732791741511 , -24.272733266274997 , 0
106.1757794293153 , -14.986050237403319 , 99.68461059587807 , 0
-113.8634430185046 , 80.37331269863122 , 108.55397653207802 , 0
65.22437968653577 , -9.721215450381564 , -80.555254351265 , 0
95.9247896402344 , -21.449589296106595 , 27.605282133425305 , 0
113.9553260880418 , -97.61523204765666 , 21.206347083122125 , 0
-35.5016245898497 , -76.64108819619216 , -57.96876530113285 , 0
42.538274959228204 , -11.595202445668093 , 5.485033123338056 , 0
110.88757764696146 , -66.2295617670928 , -34.21872311649204 , 0
58.39978655671666 , -64.81154084780553 , -87.61761550317297 , 0
116.19631630331665 , 19.361637594043685 , 93.45725614551105 , 0
29.470050009518673 , 22.16689552829365 , 19.73163252997901 , 0
-23.431773101687725 , -31.072982127327506 , -31.727596451293522 , 0
26.42355151410206 , 72.03121755433614 , 22.471812802094632 , 0
25.60190376827157 , 111.89019031761887 , -97.6136232441315 , 0
57.65195715997834 , -5.592525523077086 , 38.9274832286043 , 0
-72.99675498710505 , -86.44239989816363 , -59.5280090093955 , 0
1.6248943354407999 , 28.85476012909851 , -24.196554045439427 , 0
-95.30554556758054 , -37.6551441492762 , 8.246158247144734 , 0
112.05011551238721 , 74.8089530911061 , 40.83456101899924 , 0
-109.33086647009894 , 112.7274770457042 , 106.04585373050776 , 0
116.54353684996812 , 72.81834070395658 , -36.443844786452956 , 0
83.35261209242174 , -85.8327286161095 , 111.43801247075069 , 0
1.4152840904502568 , 112.12767200852647 , -104.1424796534576 , 0
-52.578655431848105 , -18.055319541162206 , -85.35356737806124 , 0
-54.19313166077848 , 16.20583921366776 , -55.90686899365883 , 0
72.50730073263199 , -4.748526666617877 , 0.6186662687707383 , 0
38.56200463847901 , 107.23465331761952 , 99.27244216448099 , 0
-60.217940812724535 , -116.59265553007599 , 26.137514581639323 , 0
-47.66922378971903 , -72.45525334216543 , -6.046893498514237 , 0
-23.433391346496705 , -105.9099353769162 , 94.34331748973611 , 0
-102.09809163594767 , -48.17310616853612 , 102.29945873218938 , 0
-89.18531557929897 , 59.32247080361475 , -6.2955735429743385 , 0
84.31527144095065 , -41.92852701089487 , 112.31002110970246 , 0
-81.52291489150966 , -112.40652308970934 , -76.96463502993605 , 0
95.7823395587512 , -77.08443392243248 , -17.909212122570068 , 0
-12.073992116951302 , -51.096126924443936 , 78.122046613106 , 0
-84.96419540900735 , -111.11730224200832 , 23.61422722001805 , 0
-2.1807397205353283 , 114.96232510103854 , 98.82690026343056 , 0
2.0270099841419835 , -29.85904708015991 , -111.20357816946151 , 0
31.4825800703627 , -45.09085866674381 , -54.747682429715255 , 0
1.6944577140817216 , -71.25168966328627 , 97.54072773930693 , 0
63.14532026281228 , 114.4045555113012 , 41.33355075823164 , 0
-90.02661853870181 , -4.487057106519671 , -6.7888658392220265 , 0
103.81495621726492 , -24.219445270129185 , -71.77489444158914 , 0
-116.11946345161952 , -10.471571734553208 , -16.817491627200866 , 0
60.437123148791244 , 75.74582482083798 , 67.00318157277977 , 0
-89.76209233558127 , 55.86413089926879 , -47.143089561434266 , 0
-43.871896568606545 , 25.489164764541357 , -114.95434627266826 , 0
114.0262131137662 , -19.633448527941624 , 54.606217338617284 , 0
13.91649872301852 , 16.806148014656543 , -51.68553799579108 , 0
-5.099099995344403 , 56.50821001835959 , 44.78630901676223 , 0
-48.053831110314505 , 1.58335647412774 , 77.72738553037362 , 0
93.73619074448399 , 35.365093438947355 , 61.195503836013984 , 0
-36.587343420902044 , 75.15931837029339 , 89.85074853502704 , 0
-75.66209256493646 , 45.0095326832743 , 109.44303859403996 , 0
99.62217672373461 , 106.89977001240129 , -20.461105958981307 , 0
-63.47154360282279 , -85.1290279612097 , -3.8459468887165116 , 0
96.76604627800643 , 1.7098280733279125 , 82.77276406864183 , 0
102.8547908384493 , -47.7747857419194 , -14.095781449411703 , 0
-48.525632327529294 , 84.77597252234466 , 77.00319576500218 , 0
-81.56980224072328 , 109.60336732506988 , -71.4657215710552 , 0
-39.570705610193684 , -95.53246390550453 , -115.91263841275143 , 0
-34.23252857441801 , -74.85584413633688 , 62.81380254374392 , 0
88.78474899731941 , 29.85488921481098 , 71.75326145649294 , 0
-2.015933282786932 , 47.402344003046494 , 3.87523056325459 , 0
-116.53220732720173 , -23.879906261132774 , 87.37104482415839 , 0
-21.417540012027118 , -118.24254861350241 , 59.77232532468557 , 0
-53.056528452140924 , -50.318284700713065 , -107.44700774703601 , 0
-23.09199311500842 , -36.95372554981506 , 30.008312144867745 , 0
-43.802594629596854 , 115.36040738745154 , -111.19671629908235 , 0
-99.99276386593519 , 91.87152840033573 , -25.19406631051592 , 0
-51.43159905616025 , -89.47235207945664 , -106.4539257945632 , 0
-86.73196308848385 , 90.46976847540435 , 88.32066464778796 , 0
92.02023987681727 , 62.43868761958362 , -108.00802712872722 , 0
-51.52483312597117 , 59.742755878533046 , 26.264522796362115 , 0
43.64370003115434 , 68.83138276057065 , -65.36242234504519 , 0
37.57011115281654 , 38.47012934547621 , -73.25008143396602 , 0
83.31505966225541 , 99.93717601402622 , -13.861155866200718 , 0
-58.75001496287461 , 49.0275451426015 , -75.32485745031235 , 0
90.2147672908379 , -56.00404376985229 , -116.82161729561828 , 0
94.32148475128307 , 100.35085113190857 , 23.289590198792666 , 0
-93.9381503718987 , 51.78464980384865 , 104.75367603518569 , 0
28.46671752304252 , -109.26367324365418 , -17.59722014912151 , 0
110.00968560583144 , -64.9598539576271 , 63.49675171669233 , 0
-46.63320172268561 , 63.98945619047058 , -84.57783654862195 , 0
-82.67602069562395 , 102.07133520147164 , 24.186440316219432 , 0
103.5806150280284 , -72.18812121992097 , -41.64615464002003 , 0
67.53617097516624 , 40.67658544586811 , 56.686025687020475 , 0
27.665783349889495 , 78.32165054416345 , -21.50196306072742 , 0
-116.74969209285011 , -80.43036079085543 , 37.02220952712901 , 0
-71.43897453338467 , -28.818897341441243 , -103.68182412580893 , 0
-76.9543344772608 , 37.527048588053276 , -38.53562010208684 , 0
-67.89007453804274 , 79.40656128067258 , 29.995591668437783 , 0
51.91852890429547 , -56.91461534503251 , 73.97432759170005 , 0
-98.56744233513277 , -53.10658211611825 , -52.977647453450174 , 0
-76.18633266023818 , 70.21529951063167 , -99.51683165615508 , 0
-45.76951748202785 , 10.680047285196736 , 99.70878838483577 , 0
32.55303368429284 , -41.58927100614926 , -88.15591414833642 , 0
-16.373893817655556 , -21.774697923180753 , -6.028945783246712 , 0
-99.05704721883049 , -12.416924062040323 , -73.01777929271756 , 0
-92.97003851732805 , 76.37478040869806 , -28.723939414731504 , 0
-98.65790147646999 , 41.76207754009519 , -116.78097670192278 , 0
82.29948652956415 , 16.112782896045985 , 42.901513587138425 , 0
-89.09210659050328 , -101.17713894629415 , 1.577251801033725 , 0
71.03013716964895 , 12.563487753177839 , -0.1947164046022749 , 0
-115.64819735090703 , 92.61238317620484 , 20.60690276226228 , 0
-39.056425418191964 , 108.13583077634021 , 63.68699264400746 , 0
114.70544912783916 , -76.06433554713064 , -90.22466781493735 , 0
55.558035344516554 , 38.711305223770864 , -22.515250922764324 , 0
-5.560341552196633 , -39.685922157129255 , -14.140950938991864 , 0
93.78444648912156 , -93.4913135197435 , 116.38997592586793 , 0
89.25346769110578 , 80.74444056470864 , 43.93055790361211 , 0
-57.0826400435773 , 52.93490152041221 , -3.3348648556568747 , 0
44.36845999870721 , -106.45981252083813 , 52.27050244483303 , 0
-56.45043229168317 , 79.28539349441562 , 37.864803501137146 , 0
-8.69841853819247 , -86.83524185386656 , -17.998540288612872 , 0
13.755291232261612 , 67.38280242432336 , -111.29968725239456 , 0
-39.21969854006248 , 25.231326346131823 , 105.23291301427031 , 0
-92.39483550957004 , -57.78588846871871 , -99.76741573186169 , 0
-61.784099917773915 , -21.273875547437598 , 50.43291563178528 , 0
53.2647818576944 , -37.44165093762072 , -39.86916327494643 , 0
-61.576810128441835 , -109.26499272957417 , 71.9505591798208 , 0
-111.83359257630966 , -73.26126566200459 , 79.85231507240186 , 0
47.42834173893766 , -36.74994495820994 , 113.38114468249117 , 0
-118.11605436782716 , -7.24814105222039 , 111.67071852830756 , 0
27.979460643675736 , 89.17856654503706 , 63.02900199337864 , 0
-4.70231518720405 , -17.182606242683903 , -29.75753005834916 , 0
21.993293188693798 , 10.454646863327355 , -95.63534637581057 , 0
-28.07329083504179 , -102.25647810679352 , 18.16284361675821 , 0
-27.120213233947965 , 34.00196219371071 , -7.455625192719026 , 0
-48.424830665352445 , 68.73144471812265 , 11.818523284363806 , 0
-103.43540996870371 , 92.05011966639597 , -68.85671663691545 , 0
58.90950318947475 , 50.16824185382518 , 69.7623462999488 , 0
75.63486530569645 , 102.52808832357925 , 82.6629119919385 , 0
-80.6385432562719 , -14.463876149288296 , -101.72225935319716 , 0
18.78042896125416 , 40.210037076708176 , 33.77347028358014 , 0
64.07507887873655 , -105.74379590182167 , 113.85720756257666 , 0
46.71213513024804 , -90.09443860058602 , -48.28647121749955 , 0
54.686585745364994 , -44.93651981156985 , 24.190017334094307 , 0
-86.33095931317263 , -18.248888620882312 , 62.739127648308255 , 0
-17.667559693626984 , -10.765407621188373 , -96.59325363507732 , 0
-101.26288318840932 , -25.183666657273747 , 92.97446850819387 , 0
26.034436129279158 , -71.24518978358297 , -39.28695512932832 , 0
20.061102551298205 , 112.68190008486025 , 110.22791399422587 , 0
99.27197528875394 , 23.412967806917862 , 78.62892056107924 , 0
70.00856494888268 , -82.73474452634116 , -106.64404385119434 , 0
-41.01225753378476 , 118.97227992987382 , -88.51271239544502 , 0
-22.775205301882764 , -27.847263869079143 , 17.375942200820873 , 0
-57.87807776940852 , -84.27187718859491 , 80.52826316039003 , 0
-44.26754244244938 , -56.83599471077926 , -39.163719742358026 , 0
55.103011019050484 , -73.54722796972639 , -46.52081732005608 , 0
71.75751749279209 , -114.7774162388946 , -96.99679536120945 , 0
57.84087427556281 , -87.60360620313669 , -20.91501621222234 , 0
-7.571347341870904 , -92.81568851837469 , 84.74374423972486 , 0
97.16587203892607 , -54.07210226401165 , 89.83245291348956 , 0
-43.94794752181765 , -20.579090415999772 , -43.4286022745475 , 0
-117.10459501072941 , 20.18213774075184 , 9.307575757441413 , 0
-65.13494596473733 , 77.66752413130268 , 2.720281156591682 , 0
-29.20892582627731 , -101.31049872947011 , -113.93757332969054 , 0
-57.31321612081043 , 84.82825960145993 , -95.02096595766115 , 0
21.920575788029453 , 95.89882435565067 , -113.01929518659169 , 0
46.37935925622594 , 96.37369547722327 , -53.78606558537892 , 0
66.10974161138762 , 35.735511155581804 , -105.57572091119177 , 0
-61.13895557916635 , 60.68051172278044 , -102.72437102003782 , 0
10.785170049897744 , 57.06610600464313 , -42.65213620424076 , 0
30.000984484199137 , 117.2819235578987 , 100.16054334193862 , 0
106.45528342916307 , -55.03861577146721 , -1.2015362396140006 , 0
86.62467854572239 , 95.20690393729384 , -10.651831240301163 , 0
83.50442430305958 , -55.09117459453731 , 86.58514623460229 , 0
63.45279941190901 , -6.6548635080049365 , 78.87955279587993 , 0
19.023976156596603 , -75.87191495988344 , 9.70219888004516 , 0
-49.71359069352009 , 41.46726912506284 , -46.02922791380716 , 0
-65.11043517885875 , -5.9149856849380456 , -103.29991028657943 , 0
32.86762633628419 , 18.034035471947135 , 52.231232405720675 , 0
-50.88520328897725 , -67.90088847451972 , 37.549079012275456 , 0
-47.96541962521698 , 93.8324102667786 , -42.26367305568077 , 0
1.2410846564809503 , 39.68355876941416 , -32.85788583187765 , 0
97.05775670821382 , -44.85831273485148 , -35.185965848768504 , 0
38.69519395283524 , -67.56096348503058 , -111.60879080284987 , 0
68.91790843446435 , 88.45836822162568 , 69.47389138290615 , 0
108.83595515326954 , 111.96588279824303 , 0.8919573890686934 , 0
64.55563555015473 , -49.154858905770055 , 2.0939264680487213 , 0
-82.89125947738478 , 109.322914984591 , 44.23931419931722 , 0
-60.66259870098068 , -42.80055643466221 , 41.32293554005281 , 0
61.502260787182536 , -104.33899195325557 , -43.4333781398028 , 0
88.85123833277456 , -83.58144378209211 , -115.33267278595365 , 0
-4.444352091158038 , -48.46097274001988 , 71.19946639653972 , 0
-98.5915363889807 , -49.39386581030031 , -96.3929622379271 , 0
77.77396933179907 , 97.11672254941865 , -70.71537981733579 , 0
115.36926531436166 , 103.1084089042769 , -116.9616396269984 , 0
44.771483849045524 , 54.383234250925085 , -78.68984820283751 , 0
-8.580842564293846 , -65.98439806813897 , 102.05396886681348 , 0
-57.404805029800336 , 46.421072056622336 , -54.58100396543021 , 0
72.96255484609264 , -31.343749785241798 , -57.555710034143 , 0
68.79242930477938 , -50.565814191165344 , 106.01048242821332 , 0
64.50087851130078 , -49.662402362303936 , 26.484713576836867 , 0
99.98149735589692 , -86.39687818337995 , 78.05067174794257 , 0
-13.445285611439473 , -65.0231168176465 , 79.56949807630883 , 0
62.587373034711675 , -23.794054435923556 , 24.109209232413434 , 0
-21.52216768700984 , 8.765972653345642 , 12.540851662219382 , 0
96.50052465384576 , -8.10869185316227 , -61.78138065845252 , 0
-20.04349937657247 , 0.8952163230402306 , 115.47176135470505 , 0
-30.383644069285594 , 14.610844223899619 , -88.21941610423728 , 0
-117.01836720859238 , 118.14039211819315 , -14.303635103757045 , 0
83.9411681000467 , 70.24532081333874 , -10.749639682175726 , 0
-99.804903262865 , -82.39315017961663 , 9.667195848355902 , 0
47.10810186427017 , 0.6822771346633374 , 23.01589906260216 , 0
-47.093589030895785 , -112.46443372885548 , 86.5215613336596 , 0
41.98961471992766 , 69.13568121854942 , -8.424486168217186 , 0
52.580077113413495 , -93.06693761117731 , 91.89716743471345 , 0
16.0862635278134 , 70.42471190590535 , 57.580956183470335 , 0
69.36907683980195 , -107.81586270668961 , 97.29253844528915 , 0
52.17469618330398 , -7.7248095856686945 , -71.37143403485983 , 0
116.89623399314766 , 112.9194366640508 , -108.24612509870286 , 0
38.070426660792435 , -93.85256479550628 , 87.79160628495748 , 0
-62.71922448903378 , -10.152785940255114 , -4.233005285940806 , 0
-56.05103256318237 , 9.64982687887337 , -79.62457086279602 , 0
108.07648007224657 , 56.38783650121843 , 80.34819438642748 , 0
116.81376892206416 , -68.81155235741622 , 88.38948039343947 , 0
117.86109084157346 , -58.97680107356264 , 58.763510075438006 , 0
-80.04469604426149 , 8.21222190133929 , 24.507994282974096 , 0
61.99773022403505 , -99.4385511026367 , 81.62248059914157 , 0
23.517824966912343 , 9.589824586321527 , 15.36497521819004 , 0
-28.616539706467137 , -10.987189811706841 , -118.18814038331134 , 0
32.1982690194144 , -32.76201375561668 , 84.6788950269225 , 0
-81.2720248376331 , 86.51164622803014 , 52.9206238487117 , 0
-55.63559846772891 , -55.50618246997156 , 73.64259331534106 , 0
-119.16563124493565 , 42.86672325205723 , 94.90895756852788 , 0
-3.0983730176316016 , 47.49078783606478 , -109.3892931667431 , 0
-14.885281197879166 , -24.368501116833016 , 50.327794541257816 , 0
50.04009907698932 , -108.6681829456377 , -41.39033546603035 , 0
-94.11714653275445 , -38.46427196615275 , -35.10007828201165 , 0
95.6702529452931 , 30.095110395571055 , 76.81697791237494 , 0
25.748284560234055 , 84.58176101588563 , 66.49934417982132 , 0
17.453095158818627 , 117.99647364627347 , 58.700401123216295 , 0
16.546381169150067 , 85.90137780281233 , 73.11138212424075 , 0
106.95453021860683 , -84.91036302555048 , -115.05878956580719 , 0
-35.275587139653936 , 52.861389628062085 , 11.903859226120119 , 0
61.62181662025259 , 12.017525608019298 , -64.74529270652208 , 0
-90.71021373157595 , 8.134071617015763 , -62.53648142798595 , 0
55.168705962427225 , 8.947183233815963 , 48.9482799162399 , 0
-58.816688699726605 , -116.28461611150775 , 20.803040812361502 , 0
-80.15264559217931 , -111.5450948640897 , -12.74188174224787 , 0
-91.64442629474706 , 64.01587513219627 , 69.63603807567245 , 0
90.68712228267017 , 6.3816632825098765 , 83.0061986097981 , 0
-73.77300319275281 , 17.437748940398933 , -80.65856393090169 , 0
56.51680038880667 , 0.608862244897864 , -6.316996800454703 , 0
67.60646658074393 , 91.49349236735995 , -32.5326782896438 , 0
99.97672870346673 , 64.27034486953664 , -33.33885380702475 , 0
-55.762547418099885 , -37.81209479163864 , -101.55570767496121 , 0
15.6182104401434 , 18.429544449828683 , -52.36481470217355 , 0
94.59357399988758 , 113.46476642207259 , 20.151787609212363 , 0
-108.39819641246814 , 103.74068058225885 , -37.700958591336104 , 0
-60.48485571956721 , -29.1679115194909 , 46.1123415264677 , 0
-20.23068248240675 , 97.07436110848971 , 91.02618676523582 , 0
-39.59421594578788 , 103.68794173369588 , -70.64433682016877 , 0
103.7127763005856 , 105.35727069072496 , -62.654101447946005 , 0
118.93925708458278 , -60.4106015700264 , -65.04821222300227 , 0
-48.21265118632523 , 38.94632965773002 , -80.97655184380791 , 0
17.882892587713172 , 57.41661719440867 , 86.32781954875298 , 0
-44.122206726248095 , -105.47880547924451 , 84.06029270714083 , 0
82.22252877850414 , -92.90080179513399 , -34.71886530348081 , 0
-109.22470556649826 , -113.7183752788757 , -55.7723603053431 , 0
-12.362296533864082 , -73.90966575889875 , 6.728140584794986 , 0
-94.8267468558328 , 61.91971335455037 , -90.2568353808509 , 0
-119.9460319428678 , 55.69559269795684 , -36.82177790002254 , 0
6.750002908713796 , -50.495655283259836 , 67.99792740838132 , 0
-110.2840603842317 , 17.702968627083834 , 79.43394965217584 , 0
-7.859846475010414 , -60.793026167244584 , -44.52031694262742 , 0
31.802345742877264 , -37.509226452038305 , -43.94578284587158 , 0
80.71692748325177 , -33.509121395422056 , 54.47888437501544 , 0
43.71888036069643 , 57.589821353141474 , -16.458433467724447 , 0
9.814731344210173 , 23.624402410001466 , -29.98208633458036 , 0
-77.24908060243217 , 36.4191983295477 , -28.055063828192758 , 0
119.69128797091872 , -56.528413337842366 , -99.98893594043187 , 0
30.86353036946079 , -89.53341914459466 , -34.76391193156101 , 0
-2.0872869684834114 , -62.532287408407754 , 105.37755322371942 , 0
-114.94605351817395 , -55.81350684478376 , -46.67543072208633 , 0
-23.92324032036089 , 62.65527531155317 , -102.5232845980594 , 0
-43.319600984059335 , -4.899594913152569 , 72.52902769637367 , 0
-46.91139712429664 , 31.65931547927468 , 88.85962880202325 , 0
5.559977809601605 , -52.35217932365384 , 69.37768494771089 , 0
61.547761444679224 , -108.98313071068692 , -113.41190766621203 , 0
-36.66011481947615 , -5.544886949306942 , 106.78335676000665 , 0
88.59479336066676 , -73.52359427015111 , -69.01331429301676 , 0
89.69988127643941 , -33.85040906501726 , 105.4861630207223 , 0
-7.531339374494252 , -97.84398558728203 , 112.2640343289047 , 0
-112.7990663275981 , -92.23559057652417 , -16.75191174462904 , 0
-47.78866004366188 , -31.620000327005684 , -74.49762090081722 , 0
-105.53344522504075 , -115.52502171432404 , -55.18932127282045 , 0
82.38091990107446 , -79.35262097956246 , -9.492918783698158 , 0
-59.08033117696161 , 69.25618006377834 , -100.90182915641294 , 0
112.46339377912986 , 18.117005236738237 , -85.94861005958258 , 0
58.43443312779121 , -38.13581275566233 , 17.894573669583536 , 0
-80.40013156661604 , 18.233939764528174 , -102.1330068962362 , 0
-30.74372346592628 , -49.5723511968385 , 113.65982256349395 , 0
64.78050729683014 , -16.540681984720393 , 27.14329808637561 , 0
-10.33566309356145 , -5.752699559834838 , -7.381557104775979 , 0
-61.85618806511786 , 23.999816622420752 , -7.397082366495638 , 0
71.51897147389067 , -58.08999697908905 , -97.2722643097365 , 0
-118.01295777648338 , -8.058777487984614 , 14.764522966110547 , 0
-92.44357337894927 , -88.69253065812566 , -72.88919767273168 , 0
-16.661576294487205 , 113.94919924590269 , -75.77337129539832 , 0
1.6533080039920804 , -90.22960678599941 , -108.79898579399608 , 0
-29.735214358325464 , -63.723628834640365 , -25.05850147224291 , 0
84.71881479319865 , 63.979758065199206 , 109.79090626238326 , 0
-108.93846315367243 , -15.987590539151753 , 43.20618940701527 , 0
59.358223136906474 , 12.161537923468671 , -104.36441639493373 , 0
-3.9531969726321705 , 69.21546193023167 , 93.19905501758882 , 0
11.636410101067213 , 53.61719736532291 , 18.46163415609999 , 0
-117.05048547286678 , 2.575185659025948 , -13.05780186636595 , 0
11.300832991036657 , -105.13433406592748 , -94.52289849337717 , 0
64.02043435298927 , -110.50348582835835 , -13.664671448345999 , 0
7.4210344631993195 , -20.32109499046838 , 14.54564786173512 , 0
-71.86103401967058 , -63.912681488671225 , 93.62077060905523 , 0
67.19959184466583 , -92.20572333563558 , -14.538486696595541 , 0
58.47324500773931 , 2.48966790910778 , 86.41772207514799 , 0
-84.78034220428057 , 89.60802014938213 , 119.15957367744437 , 0
-77.08477023824676 , -8.104009711618986 , 43.70735022511789 , 0
29.160284897248545 , -4.393507862952575 , 14.231246191500219 , 0
13.388667358582751 , -33.20786144051527 , -26.49170471026703 , 0
-59.557356956723225 , -68.95108831260791 , 46.23527241434334 , 0
-85.61010191751173 , -67.80419139520826 , 69.76958835979721 , 0
3.7940578802045763 , -117.9603563823959 , -77.53909853503126 , 0
-107.16390729220029 , 116.22298803495067 , -77.94518295010403 , 0
-72.6518426023871 , -115.32194217740977 , -85.41635464812606 , 0
38.650068850595915 , -0.22143713474270044 , -28.28502848086714 , 0
-59.26492254285272 , 91.5441453877491 , 108.1773168612911 , 0
24.876370327534687 , -20.917669603068106 , -10.577938684937635 , 0
20.292179529500515 , 48.19219670150531 , 94.09203508913401 , 0
-5.266053709551272 , -76.63414591506117 , 52.09920943642973 , 0
-67.04868192198269 , -60.461900480877155 , -43.04094371830121 , 0
-77.76211970499944 , 4.950564805988037 , -77.04938943690973 , 0
-25.927360321246965 , 47.82220166793314 , 110.26217408318104 , 0
-24.60819520326433 , -31.427871826464184 , -27.308563290021084 , 0
104.06149893929228 , 71.5839591831568 , 97.77380473487517 , 0
4.620639784960531 , 23.829094527929414 , 3.653683983979164 , 0
-98.42439633140364 , -34.085177083832676 , -118.80710769759744 , 0
-91.34927148997697 , 107.58922622723836 , -109.40701153001741 , 0
101.4996541798375 , 64.91649528412574 , 63.94964477312607 , 0
73.24834391763366 , -20.675402652873032 , 93.92037798530575 , 0
-107.14816862604879 , 103.30920943573057 , 23.201095807472257 , 0
-3.4035314203661358 , -33.379136264938 , 70.40295995880115 , 0
-112.53778091485407 , -55.72371727854153 , -28.368443409286797 , 0
94.6827202156347 , 98.25031631417141 , 80.27279435473491 , 0
105.79660136370893 , 5.706921194356653 , -99.60499247154604 , 0
68.37248860046029 , -71.6766690904999 , -45.057057487296575 , 0
80.77957946311108 , 99.12423279397225 , -40.68194415517823 , 0
-103.26879541348431 , -69.12319350758966 , -40.63169248251887 , 0
76.67212717509182 , -68.99749285882052 , -84.89220167591463 , 0
-90.16795988095325 , 9.279502913050464 , -44.28778726697149 , 0
73.69803758575654 , -22.407086274186227 , -80.28843157001302 , 0
-80.60364538353926 , -59.17570584174457 , 59.59696872730015 , 0
-77.7153686931974 , -26.46993943918899 , -49.19059183974359 , 0
16.87608686907501 , -4.330212563232578 , 75.23106019781275 , 0
93.64783550075018 , 118.43163609344268 , 17.985349613114778 , 0
28.840109776475344 , -79.04447200106694 , 8.307415840046389 , 0
-10.470927747839013 , 48.7091532281776 , 107.53719729329254 , 0
7.414337432969319 , 93.87342754063047 , 88.97121848073238 , 0
-101.67501075163418 , -15.710382240814297 , -50.673724598230564 , 0
-1.0613348159076281 , -20.032749391141067 , 111.72687098891572 , 0
-26.265316033024277 , -96.33801686393849 , -64.34498982422181 , 0
-90.0312878932206 , -34.87071169054131 , 111.38561321066092 , 0
79.05970295830056 , -32.769983550073675 , 116.26751820205124 , 0
112.74380269104489 , 81.09641750937439 , -92.62208689880043 , 0
107.4655963537395 , -39.58643954489219 , -108.75503682614124 , 0
-7.8172183760114535 , 6.9092367742408385 , 75.5795013618482 , 0
23.153680142440663 , 74.5481269373436 , 3.4771506359601574 , 0
48.452604415980915 , -60.6743099052328 , 52.01685969293902 , 0
18.080187329817733 , 43.37332054335087 , 18.751896318180968 , 0
-44.397050367273195 , 103.44041152807085 , -13.71325813567141 , 0
-80.99106980695373 , 119.49820309867187 , 60.88496216901001 , 0
-27.00181374297584 , 112.26976522509082 , -103.54171558434788 , 0
-12.591098632684705 , -106.068747245789 , 43.351377683737184 , 0
54.23196045835448 , 69.52834844343047 , -59.35452758105836 , 0
-27.596177128753666 , -46.47401916342071 , -101.38270631741166 , 0
111.47460950612526 , -38.99354815259588 , -95.01603755283412 , 0
-5.804753810562715 , 7.705414733231152 , -22.79524791218911 , 0
103.54629884402166 , 33.02015550757193 , 46.08315590872223 , 0
-1.8950597731727896 , 73.2120130082775 , -69.65907410185619 , 0
-20.991905529049163 , 47.96768552611448 , -33.61349802224612 , 0
-45.88136678473761 , 90.61157412293517 , -65.34244820637647 , 0
60.550579030738106 , -47.08061453493572 , 33.18911234338219 , 0
-0.5790237843916088 , 95.32700930995469 , 64.06996044244349 , 0
57.67708517864574 , 60.94817385487835 , -106.68028905330998 , 0
-70.40919354289875 , -85.79546200827792 , -26.18881471623061 , 0
44.84409042050723 , 110.50129371530753 , 33.35882262213403 , 0
19.48215043866685 , -17.92709672679581 , -63.46387311386823 , 0
99.79354604216113 , 61.5516968909979 , -68.65029944198062 , 0
-96.36763363765053 , 14.808094912218706 , -83.76438837010113 , 0
-97.45581591512138 , -68.6599242695631 , -75.06092002972964 , 0
58.98731389978434 , 99.79532180342045 , -24.903419257798845 , 0
98.77450923196074 , -56.03626436389759 , -40.34168788269807 , 0
117.47056847182833 , -107.23124732743963 , -83.77932165319697 , 0
17.87604269890778 , 91.31780370680244 , -69.25710032584837 , 0
53.05547076538497 , 46.23151022157708 , 56.15270870362494 , 0
87.66810971155545 , 19.807958869044484 , 113.50811516904423 , 0
62.48643655197304 , 53.375943031163985 , -26.487115851668193 , 0
-50.81740740789087 , 28.3572101724709 , 71.8751056640429 , 0
73.74829944252232 , 5.788476418398702 , 72.39631971781444 , 0
-96.79056323043153 , 44.03961566200957 , -31.54518073327138 , 0
-78.62682771348202 , 14.752190551696913 , -39.085690204132646 , 0
-18.7259968620221 , -98.07134479715886 , -32.948288657915484 , 0
-100.52343739328744 , -75.50005041645397 , 62.46830211253382 , 0
92.09036416184946 , -19.663648364241354 , 48.72069844188252 , 0
-112.48777642886205 , -24.89976035830098 , -80.34215159432591 , 0
-86.80577831802447 , 0.4368131547655594 , 47.92330841964616 , 0
59.77973261873427 , -26.88176422942442 , 80.63370934158584 , 0
99.61720935044562 , -111.19233578280898 , 97.5834973987779 , 0
16.89406678557529 , -20.744731180052696 , 102.3793208063326 , 0
35.90976474754851 , 14.942756244644755 , -48.333137268487306 , 0
-42.20469198453313 , -39.21940454539413 , 35.17121719312382 , 0
-48.51412125092861 , 20.717815952248145 , 30.86166965239306 , 0
31.904584032270492 , -110.5150484375044 , -97.43436421422246 , 0
-38.52929664965049 , -109.78581777142819 , 109.79989239295 , 0
-37.54636849840084 , 17.656165438777236 , 69.6782437637514 , 0
-36.33525689901357 , -107.08522502248043 , -51.88374102032958 , 0
-57.97809419710853 , -78.8182462643682 , 63.65772714292831 , 0
15.217249407415693 , 69.98532254688891 , 47.644222279575615 , 0
93.75553371835286 , 68.9765016549791 , -32.368953289275254 , 0
13.09940913533336 , -16.79796362046598 , -37.28946447861155 , 0
74.50553689404867 , -48.53740223995432 , 57.401770297390414 , 0
44.14467974023853 , 39.351663845903374 , 19.7550970947633 , 0
97.4760189141486 , 2.9818612701235168 , 61.02745203892613 , 0
-69.37183140800866 , 118.63760349190261 , -101.16950794347773 , 0
102.44110561216857 , 43.374725481694924 , -101.879764465086 , 0
22.696980203596922 , 61.42937126046084 , 108.23034534222262 , 0
-47.377200134037864 , -57.89898500399581 , -59.85986432360014 , 0
-57.87928997213501 , -37.31395258023467 , -44.295211126785645 , 0
-45.515198219025265 , -108.25864470604711 , -78.30099783427971 , 0
8.096033128818021 , -49.902403403593254 , -68.68801887949445 , 0
-103.05387182380707 , 90.14764300134317 , 19.835921704055664 , 0
11.988037986001501 , 14.361067149164455 , 70.6531792942142 , 0
26.626324755573563 , -59.85695361805742 , -30.871550523183203 , 0
10.867221813157926 , -28.651463119487886 , 108.07063699192531 , 0
101.6341300290809 , 21.173628412911313 , 81.98821732170359 , 0
12.607006081945116 , -17.235549980926834 , 69.09450792289601 , 0
-72.59405096501723 , 24.403496876015822 , -75.31044297873368 , 0
60.413899339263224 , -118.08682870695672 , -79.07570471629249 , 0
-112.48367168062506 , -116.17601594713202 , -47.3923009230824 , 0
-34.78647370892676 , -20.060161142394662 , 0.2855736625068914 , 0
-45.732401183786905 , -64.1228944670276 , -91.55520738810608 , 0
78.5708903946383 , -90.37873470306079 , 39.68591414092867 , 0
-17.077150744008392 , -28.125709208809837 , 82.44833309596208 , 0
-104.61570193738969 , -69.14253901114785 , -29.04626824323182 , 0
79.45566078926234 , -60.144412005014225 , -107.62621318550508 , 0
-73.43459006871952 , -74.97252238048875 , 50.05796252226929 , 0
65.42973768165527 , 52.57498818230329 , -110.52324029061425 , 0
45.04820348901967 , -31.953931683397585 , 86.13636288019543 , 0
-68.73205005935966 , 62.82498911229092 , -83.91837060079575 , 0
-48.973365032899395 , -103.92268029011368 , 70.9284277439582 , 0
39.02848984214833 , -36.79024294532451 , 92.87916594749754 , 0
101.12709185454389 , -24.413114107557334 , -72.60797410934845 , 0
-99.21279092400792 , -115.67504691430796 , 3.9393828629279284 , 0
-5.124753353733368 , 64.91287301467898 , 118.23111577107835 , 0
-66.54316272606457 , -78.45747285789012 , -98.12968811754952 , 0
-79.36585882487951 , -60.430198595079545 , 10.913924781375073 , 0
65.54530119175891 , -27.4428112357497 , -60.30560366945949 , 0
52.90448138813545 , -58.81884892764566 , -43.21598948467481 , 0
28.38017773508375 , 15.677146096140405 , 16.860033964952777 , 0
-54.163456826871794 , -116.35925333420974 , 33.47278652081445 , 0
-109.24139434198943 , 27.61204598636209 , -18.023377351739725 , 0
-21.337343155646806 , -24.911985484955423 , 76.10482364913341 , 0
82.43121530518738 , -63.45563628335461 , -84.60995594705606 , 0
-78.97000501917398 , 35.12346255591413 , -102.07163118749334 , 0
-108.76891936280784 , -53.32447805748005 , -47.07654234677884 , 0
5.238122222092471 , -65.64509133074678 , -63.51334218689671 , 0
-24.074586667214618 , 65.79923223512668 , 46.083537716532334 , 0
-5.492985001650652 , -101.60846057807004 , 37.895626437511254 , 0
-27.13404054425058 , -77.73785484260364 , 69.99702713457674 , 0
-24.671667599487122 , -52.15062411676438 , -93.83302767303222 , 0